"from","to"
"SwiftMasterLP","inudari"
"SwiftMasterLP","spiritsoldier39"
"SwiftMasterLP","dezta_87"
"SwiftMasterLP","game_on_guy"
"SwiftMasterLP","MachinesATO"
"SwiftMasterLP","GnomePowah"
"SwiftMasterLP","StDxGangsta"
"SwiftMasterLP","BigGMint2y"
"SwiftMasterLP","itsSKITZ"
"SwiftMasterLP","DUHOOO"
"SwiftMasterLP","LeGensBon1"
"SwiftMasterLP","GankSinatraTV"
"SwiftMasterLP","WoWarcraft_art"
"SwiftMasterLP","generictheeric"
"SwiftMasterLP","Alejopais"
"SwiftMasterLP","Thalialeu"
"SwiftMasterLP","Deivid93David"
"SwiftMasterLP","CaballerosdeNI"
"SwiftMasterLP","ContentRTs"
"SwiftMasterLP","rakete1967"
"SwiftMasterLP","ByCras"
"SwiftMasterLP","mmonline_plays"
"SwiftMasterLP","RonGunn8"
"SwiftMasterLP","HonkaHonkaLIVE"
"SwiftMasterLP","zimisss"
"SwiftMasterLP","KW_erion"
"inudari","SwiftMasterLP"
"inudari","spiritsoldier39"
"inudari","dezta_87"
"inudari","game_on_guy"
"inudari","MachinesATO"
"inudari","GnomePowah"
"inudari","StDxGangsta"
"inudari","BigGMint2y"
"inudari","itsSKITZ"
"inudari","DUHOOO"
"inudari","LeGensBon1"
"inudari","GankSinatraTV"
"inudari","WoWarcraft_art"
"inudari","generictheeric"
"inudari","Alejopais"
"inudari","Thalialeu"
"inudari","Deivid93David"
"inudari","CaballerosdeNI"
"inudari","ContentRTs"
"inudari","rakete1967"
"inudari","ByCras"
"inudari","mmonline_plays"
"inudari","RonGunn8"
"inudari","HonkaHonkaLIVE"
"inudari","zimisss"
"inudari","KW_erion"
"rockstar8882","Gamer_Guru_Girl"
"rockstar8882","WoWBrettz"
"rockstar8882","Phazius"
"Gamer_Guru_Girl","rockstar8882"
"Gamer_Guru_Girl","WoWBrettz"
"Gamer_Guru_Girl","Phazius"
"WoWServersTimes","WoW__player"
"spiritsoldier39","SwiftMasterLP"
"spiritsoldier39","inudari"
"spiritsoldier39","dezta_87"
"spiritsoldier39","game_on_guy"
"spiritsoldier39","MachinesATO"
"spiritsoldier39","GnomePowah"
"spiritsoldier39","StDxGangsta"
"spiritsoldier39","BigGMint2y"
"spiritsoldier39","itsSKITZ"
"spiritsoldier39","DUHOOO"
"spiritsoldier39","LeGensBon1"
"spiritsoldier39","GankSinatraTV"
"spiritsoldier39","WoWarcraft_art"
"spiritsoldier39","generictheeric"
"spiritsoldier39","Alejopais"
"spiritsoldier39","Thalialeu"
"spiritsoldier39","Deivid93David"
"spiritsoldier39","CaballerosdeNI"
"spiritsoldier39","ContentRTs"
"spiritsoldier39","rakete1967"
"spiritsoldier39","ByCras"
"spiritsoldier39","mmonline_plays"
"spiritsoldier39","RonGunn8"
"spiritsoldier39","HonkaHonkaLIVE"
"spiritsoldier39","zimisss"
"spiritsoldier39","KW_erion"
"dezta_87","SwiftMasterLP"
"dezta_87","inudari"
"dezta_87","spiritsoldier39"
"dezta_87","game_on_guy"
"dezta_87","MachinesATO"
"dezta_87","GnomePowah"
"dezta_87","StDxGangsta"
"dezta_87","BigGMint2y"
"dezta_87","itsSKITZ"
"dezta_87","DUHOOO"
"dezta_87","LeGensBon1"
"dezta_87","GankSinatraTV"
"dezta_87","WoWarcraft_art"
"dezta_87","generictheeric"
"dezta_87","Alejopais"
"dezta_87","Thalialeu"
"dezta_87","Deivid93David"
"dezta_87","CaballerosdeNI"
"dezta_87","ContentRTs"
"dezta_87","rakete1967"
"dezta_87","ByCras"
"dezta_87","mmonline_plays"
"dezta_87","RonGunn8"
"dezta_87","HonkaHonkaLIVE"
"dezta_87","zimisss"
"dezta_87","KW_erion"
"WoWBrettz","rockstar8882"
"WoWBrettz","Gamer_Guru_Girl"
"WoWBrettz","Phazius"
"game_on_guy","SwiftMasterLP"
"game_on_guy","inudari"
"game_on_guy","spiritsoldier39"
"game_on_guy","dezta_87"
"game_on_guy","MachinesATO"
"game_on_guy","GnomePowah"
"game_on_guy","StDxGangsta"
"game_on_guy","BigGMint2y"
"game_on_guy","itsSKITZ"
"game_on_guy","DUHOOO"
"game_on_guy","LeGensBon1"
"game_on_guy","GankSinatraTV"
"game_on_guy","WoWarcraft_art"
"game_on_guy","generictheeric"
"game_on_guy","Alejopais"
"game_on_guy","Thalialeu"
"game_on_guy","Deivid93David"
"game_on_guy","CaballerosdeNI"
"game_on_guy","ContentRTs"
"game_on_guy","rakete1967"
"game_on_guy","ByCras"
"game_on_guy","mmonline_plays"
"game_on_guy","RonGunn8"
"game_on_guy","HonkaHonkaLIVE"
"game_on_guy","zimisss"
"game_on_guy","KW_erion"
"MachinesATO","SwiftMasterLP"
"MachinesATO","inudari"
"MachinesATO","spiritsoldier39"
"MachinesATO","dezta_87"
"MachinesATO","game_on_guy"
"MachinesATO","GnomePowah"
"MachinesATO","StDxGangsta"
"MachinesATO","BigGMint2y"
"MachinesATO","itsSKITZ"
"MachinesATO","DUHOOO"
"MachinesATO","LeGensBon1"
"MachinesATO","GankSinatraTV"
"MachinesATO","WoWarcraft_art"
"MachinesATO","generictheeric"
"MachinesATO","Alejopais"
"MachinesATO","Thalialeu"
"MachinesATO","Deivid93David"
"MachinesATO","CaballerosdeNI"
"MachinesATO","ContentRTs"
"MachinesATO","rakete1967"
"MachinesATO","ByCras"
"MachinesATO","mmonline_plays"
"MachinesATO","RonGunn8"
"MachinesATO","HonkaHonkaLIVE"
"MachinesATO","zimisss"
"MachinesATO","KW_erion"
"GnomePowah","SwiftMasterLP"
"GnomePowah","inudari"
"GnomePowah","spiritsoldier39"
"GnomePowah","dezta_87"
"GnomePowah","game_on_guy"
"GnomePowah","MachinesATO"
"GnomePowah","StDxGangsta"
"GnomePowah","BigGMint2y"
"GnomePowah","itsSKITZ"
"GnomePowah","DUHOOO"
"GnomePowah","LeGensBon1"
"GnomePowah","GankSinatraTV"
"GnomePowah","WoWarcraft_art"
"GnomePowah","generictheeric"
"GnomePowah","Alejopais"
"GnomePowah","Thalialeu"
"GnomePowah","Deivid93David"
"GnomePowah","CaballerosdeNI"
"GnomePowah","ContentRTs"
"GnomePowah","rakete1967"
"GnomePowah","ByCras"
"GnomePowah","mmonline_plays"
"GnomePowah","RonGunn8"
"GnomePowah","HonkaHonkaLIVE"
"GnomePowah","zimisss"
"GnomePowah","KW_erion"
"StDxGangsta","SwiftMasterLP"
"StDxGangsta","inudari"
"StDxGangsta","spiritsoldier39"
"StDxGangsta","dezta_87"
"StDxGangsta","game_on_guy"
"StDxGangsta","MachinesATO"
"StDxGangsta","GnomePowah"
"StDxGangsta","BigGMint2y"
"StDxGangsta","itsSKITZ"
"StDxGangsta","DUHOOO"
"StDxGangsta","LeGensBon1"
"StDxGangsta","GankSinatraTV"
"StDxGangsta","WoWarcraft_art"
"StDxGangsta","generictheeric"
"StDxGangsta","Alejopais"
"StDxGangsta","Thalialeu"
"StDxGangsta","Deivid93David"
"StDxGangsta","CaballerosdeNI"
"StDxGangsta","ContentRTs"
"StDxGangsta","rakete1967"
"StDxGangsta","ByCras"
"StDxGangsta","mmonline_plays"
"StDxGangsta","RonGunn8"
"StDxGangsta","HonkaHonkaLIVE"
"StDxGangsta","zimisss"
"StDxGangsta","KW_erion"
"WashedOutGG","JNOVDigital"
"BigGMint2y","SwiftMasterLP"
"BigGMint2y","inudari"
"BigGMint2y","spiritsoldier39"
"BigGMint2y","dezta_87"
"BigGMint2y","game_on_guy"
"BigGMint2y","MachinesATO"
"BigGMint2y","GnomePowah"
"BigGMint2y","StDxGangsta"
"BigGMint2y","itsSKITZ"
"BigGMint2y","DUHOOO"
"BigGMint2y","LeGensBon1"
"BigGMint2y","GankSinatraTV"
"BigGMint2y","WoWarcraft_art"
"BigGMint2y","generictheeric"
"BigGMint2y","Alejopais"
"BigGMint2y","Thalialeu"
"BigGMint2y","Deivid93David"
"BigGMint2y","CaballerosdeNI"
"BigGMint2y","ContentRTs"
"BigGMint2y","rakete1967"
"BigGMint2y","ByCras"
"BigGMint2y","mmonline_plays"
"BigGMint2y","RonGunn8"
"BigGMint2y","HonkaHonkaLIVE"
"BigGMint2y","zimisss"
"BigGMint2y","KW_erion"
"itsSKITZ","SwiftMasterLP"
"itsSKITZ","inudari"
"itsSKITZ","spiritsoldier39"
"itsSKITZ","dezta_87"
"itsSKITZ","game_on_guy"
"itsSKITZ","MachinesATO"
"itsSKITZ","GnomePowah"
"itsSKITZ","StDxGangsta"
"itsSKITZ","BigGMint2y"
"itsSKITZ","DUHOOO"
"itsSKITZ","LeGensBon1"
"itsSKITZ","GankSinatraTV"
"itsSKITZ","WoWarcraft_art"
"itsSKITZ","generictheeric"
"itsSKITZ","Alejopais"
"itsSKITZ","Thalialeu"
"itsSKITZ","Deivid93David"
"itsSKITZ","CaballerosdeNI"
"itsSKITZ","ContentRTs"
"itsSKITZ","rakete1967"
"itsSKITZ","ByCras"
"itsSKITZ","mmonline_plays"
"itsSKITZ","RonGunn8"
"itsSKITZ","HonkaHonkaLIVE"
"itsSKITZ","zimisss"
"itsSKITZ","KW_erion"
"DUHOOO","SwiftMasterLP"
"DUHOOO","inudari"
"DUHOOO","spiritsoldier39"
"DUHOOO","dezta_87"
"DUHOOO","game_on_guy"
"DUHOOO","MachinesATO"
"DUHOOO","GnomePowah"
"DUHOOO","StDxGangsta"
"DUHOOO","BigGMint2y"
"DUHOOO","itsSKITZ"
"DUHOOO","LeGensBon1"
"DUHOOO","GankSinatraTV"
"DUHOOO","WoWarcraft_art"
"DUHOOO","generictheeric"
"DUHOOO","Alejopais"
"DUHOOO","Thalialeu"
"DUHOOO","Deivid93David"
"DUHOOO","CaballerosdeNI"
"DUHOOO","ContentRTs"
"DUHOOO","rakete1967"
"DUHOOO","ByCras"
"DUHOOO","mmonline_plays"
"DUHOOO","RonGunn8"
"DUHOOO","HonkaHonkaLIVE"
"DUHOOO","zimisss"
"DUHOOO","KW_erion"
"LeGensBon1","SwiftMasterLP"
"LeGensBon1","inudari"
"LeGensBon1","spiritsoldier39"
"LeGensBon1","dezta_87"
"LeGensBon1","game_on_guy"
"LeGensBon1","MachinesATO"
"LeGensBon1","GnomePowah"
"LeGensBon1","StDxGangsta"
"LeGensBon1","BigGMint2y"
"LeGensBon1","itsSKITZ"
"LeGensBon1","DUHOOO"
"LeGensBon1","GankSinatraTV"
"LeGensBon1","WoWarcraft_art"
"LeGensBon1","generictheeric"
"LeGensBon1","Alejopais"
"LeGensBon1","Thalialeu"
"LeGensBon1","Deivid93David"
"LeGensBon1","CaballerosdeNI"
"LeGensBon1","ContentRTs"
"LeGensBon1","rakete1967"
"LeGensBon1","ByCras"
"LeGensBon1","mmonline_plays"
"LeGensBon1","RonGunn8"
"LeGensBon1","HonkaHonkaLIVE"
"LeGensBon1","zimisss"
"LeGensBon1","KW_erion"
"GankSinatraTV","SwiftMasterLP"
"GankSinatraTV","inudari"
"GankSinatraTV","spiritsoldier39"
"GankSinatraTV","dezta_87"
"GankSinatraTV","game_on_guy"
"GankSinatraTV","MachinesATO"
"GankSinatraTV","GnomePowah"
"GankSinatraTV","StDxGangsta"
"GankSinatraTV","BigGMint2y"
"GankSinatraTV","itsSKITZ"
"GankSinatraTV","DUHOOO"
"GankSinatraTV","LeGensBon1"
"GankSinatraTV","WoWarcraft_art"
"GankSinatraTV","generictheeric"
"GankSinatraTV","Alejopais"
"GankSinatraTV","Thalialeu"
"GankSinatraTV","Deivid93David"
"GankSinatraTV","CaballerosdeNI"
"GankSinatraTV","ContentRTs"
"GankSinatraTV","rakete1967"
"GankSinatraTV","ByCras"
"GankSinatraTV","mmonline_plays"
"GankSinatraTV","RonGunn8"
"GankSinatraTV","HonkaHonkaLIVE"
"GankSinatraTV","zimisss"
"GankSinatraTV","KW_erion"
"GAMEWAVE","LaSource_eSport"
"LaSource_eSport","GAMEWAVE"
"WoWarcraft_art","SwiftMasterLP"
"WoWarcraft_art","inudari"
"WoWarcraft_art","spiritsoldier39"
"WoWarcraft_art","dezta_87"
"WoWarcraft_art","game_on_guy"
"WoWarcraft_art","MachinesATO"
"WoWarcraft_art","GnomePowah"
"WoWarcraft_art","StDxGangsta"
"WoWarcraft_art","BigGMint2y"
"WoWarcraft_art","itsSKITZ"
"WoWarcraft_art","DUHOOO"
"WoWarcraft_art","LeGensBon1"
"WoWarcraft_art","GankSinatraTV"
"WoWarcraft_art","generictheeric"
"WoWarcraft_art","Alejopais"
"WoWarcraft_art","Thalialeu"
"WoWarcraft_art","Deivid93David"
"WoWarcraft_art","CaballerosdeNI"
"WoWarcraft_art","ContentRTs"
"WoWarcraft_art","rakete1967"
"WoWarcraft_art","ByCras"
"WoWarcraft_art","mmonline_plays"
"WoWarcraft_art","RonGunn8"
"WoWarcraft_art","HonkaHonkaLIVE"
"WoWarcraft_art","zimisss"
"WoWarcraft_art","KW_erion"
"WoW__player","WoWServersTimes"
"generictheeric","SwiftMasterLP"
"generictheeric","inudari"
"generictheeric","spiritsoldier39"
"generictheeric","dezta_87"
"generictheeric","game_on_guy"
"generictheeric","MachinesATO"
"generictheeric","GnomePowah"
"generictheeric","StDxGangsta"
"generictheeric","BigGMint2y"
"generictheeric","itsSKITZ"
"generictheeric","DUHOOO"
"generictheeric","LeGensBon1"
"generictheeric","GankSinatraTV"
"generictheeric","WoWarcraft_art"
"generictheeric","Alejopais"
"generictheeric","Thalialeu"
"generictheeric","Deivid93David"
"generictheeric","CaballerosdeNI"
"generictheeric","ContentRTs"
"generictheeric","rakete1967"
"generictheeric","ByCras"
"generictheeric","mmonline_plays"
"generictheeric","RonGunn8"
"generictheeric","HonkaHonkaLIVE"
"generictheeric","zimisss"
"generictheeric","KW_erion"
"Alejopais","SwiftMasterLP"
"Alejopais","inudari"
"Alejopais","spiritsoldier39"
"Alejopais","dezta_87"
"Alejopais","game_on_guy"
"Alejopais","MachinesATO"
"Alejopais","GnomePowah"
"Alejopais","StDxGangsta"
"Alejopais","BigGMint2y"
"Alejopais","itsSKITZ"
"Alejopais","DUHOOO"
"Alejopais","LeGensBon1"
"Alejopais","GankSinatraTV"
"Alejopais","WoWarcraft_art"
"Alejopais","generictheeric"
"Alejopais","Thalialeu"
"Alejopais","Deivid93David"
"Alejopais","CaballerosdeNI"
"Alejopais","ContentRTs"
"Alejopais","rakete1967"
"Alejopais","ByCras"
"Alejopais","mmonline_plays"
"Alejopais","RonGunn8"
"Alejopais","HonkaHonkaLIVE"
"Alejopais","zimisss"
"Alejopais","KW_erion"
"Phazius","rockstar8882"
"Phazius","Gamer_Guru_Girl"
"Phazius","WoWBrettz"
"Thalialeu","SwiftMasterLP"
"Thalialeu","inudari"
"Thalialeu","spiritsoldier39"
"Thalialeu","dezta_87"
"Thalialeu","game_on_guy"
"Thalialeu","MachinesATO"
"Thalialeu","GnomePowah"
"Thalialeu","StDxGangsta"
"Thalialeu","BigGMint2y"
"Thalialeu","itsSKITZ"
"Thalialeu","DUHOOO"
"Thalialeu","LeGensBon1"
"Thalialeu","GankSinatraTV"
"Thalialeu","WoWarcraft_art"
"Thalialeu","generictheeric"
"Thalialeu","Alejopais"
"Thalialeu","Deivid93David"
"Thalialeu","CaballerosdeNI"
"Thalialeu","ContentRTs"
"Thalialeu","rakete1967"
"Thalialeu","ByCras"
"Thalialeu","mmonline_plays"
"Thalialeu","RonGunn8"
"Thalialeu","HonkaHonkaLIVE"
"Thalialeu","zimisss"
"Thalialeu","KW_erion"
"Deivid93David","SwiftMasterLP"
"Deivid93David","inudari"
"Deivid93David","spiritsoldier39"
"Deivid93David","dezta_87"
"Deivid93David","game_on_guy"
"Deivid93David","MachinesATO"
"Deivid93David","GnomePowah"
"Deivid93David","StDxGangsta"
"Deivid93David","BigGMint2y"
"Deivid93David","itsSKITZ"
"Deivid93David","DUHOOO"
"Deivid93David","LeGensBon1"
"Deivid93David","GankSinatraTV"
"Deivid93David","WoWarcraft_art"
"Deivid93David","generictheeric"
"Deivid93David","Alejopais"
"Deivid93David","Thalialeu"
"Deivid93David","CaballerosdeNI"
"Deivid93David","ContentRTs"
"Deivid93David","rakete1967"
"Deivid93David","ByCras"
"Deivid93David","mmonline_plays"
"Deivid93David","RonGunn8"
"Deivid93David","HonkaHonkaLIVE"
"Deivid93David","zimisss"
"Deivid93David","KW_erion"
"CaballerosdeNI","SwiftMasterLP"
"CaballerosdeNI","inudari"
"CaballerosdeNI","spiritsoldier39"
"CaballerosdeNI","dezta_87"
"CaballerosdeNI","game_on_guy"
"CaballerosdeNI","MachinesATO"
"CaballerosdeNI","GnomePowah"
"CaballerosdeNI","StDxGangsta"
"CaballerosdeNI","BigGMint2y"
"CaballerosdeNI","itsSKITZ"
"CaballerosdeNI","DUHOOO"
"CaballerosdeNI","LeGensBon1"
"CaballerosdeNI","GankSinatraTV"
"CaballerosdeNI","WoWarcraft_art"
"CaballerosdeNI","generictheeric"
"CaballerosdeNI","Alejopais"
"CaballerosdeNI","Thalialeu"
"CaballerosdeNI","Deivid93David"
"CaballerosdeNI","ContentRTs"
"CaballerosdeNI","rakete1967"
"CaballerosdeNI","ByCras"
"CaballerosdeNI","mmonline_plays"
"CaballerosdeNI","RonGunn8"
"CaballerosdeNI","HonkaHonkaLIVE"
"CaballerosdeNI","zimisss"
"CaballerosdeNI","KW_erion"
"ContentRTs","SwiftMasterLP"
"ContentRTs","inudari"
"ContentRTs","spiritsoldier39"
"ContentRTs","dezta_87"
"ContentRTs","game_on_guy"
"ContentRTs","MachinesATO"
"ContentRTs","GnomePowah"
"ContentRTs","StDxGangsta"
"ContentRTs","BigGMint2y"
"ContentRTs","itsSKITZ"
"ContentRTs","DUHOOO"
"ContentRTs","LeGensBon1"
"ContentRTs","GankSinatraTV"
"ContentRTs","WoWarcraft_art"
"ContentRTs","generictheeric"
"ContentRTs","Alejopais"
"ContentRTs","Thalialeu"
"ContentRTs","Deivid93David"
"ContentRTs","CaballerosdeNI"
"ContentRTs","rakete1967"
"ContentRTs","ByCras"
"ContentRTs","mmonline_plays"
"ContentRTs","RonGunn8"
"ContentRTs","HonkaHonkaLIVE"
"ContentRTs","zimisss"
"ContentRTs","KW_erion"
"rakete1967","SwiftMasterLP"
"rakete1967","inudari"
"rakete1967","spiritsoldier39"
"rakete1967","dezta_87"
"rakete1967","game_on_guy"
"rakete1967","MachinesATO"
"rakete1967","GnomePowah"
"rakete1967","StDxGangsta"
"rakete1967","BigGMint2y"
"rakete1967","itsSKITZ"
"rakete1967","DUHOOO"
"rakete1967","LeGensBon1"
"rakete1967","GankSinatraTV"
"rakete1967","WoWarcraft_art"
"rakete1967","generictheeric"
"rakete1967","Alejopais"
"rakete1967","Thalialeu"
"rakete1967","Deivid93David"
"rakete1967","CaballerosdeNI"
"rakete1967","ContentRTs"
"rakete1967","ByCras"
"rakete1967","mmonline_plays"
"rakete1967","RonGunn8"
"rakete1967","HonkaHonkaLIVE"
"rakete1967","zimisss"
"rakete1967","KW_erion"
"ByCras","SwiftMasterLP"
"ByCras","inudari"
"ByCras","spiritsoldier39"
"ByCras","dezta_87"
"ByCras","game_on_guy"
"ByCras","MachinesATO"
"ByCras","GnomePowah"
"ByCras","StDxGangsta"
"ByCras","BigGMint2y"
"ByCras","itsSKITZ"
"ByCras","DUHOOO"
"ByCras","LeGensBon1"
"ByCras","GankSinatraTV"
"ByCras","WoWarcraft_art"
"ByCras","generictheeric"
"ByCras","Alejopais"
"ByCras","Thalialeu"
"ByCras","Deivid93David"
"ByCras","CaballerosdeNI"
"ByCras","ContentRTs"
"ByCras","rakete1967"
"ByCras","mmonline_plays"
"ByCras","RonGunn8"
"ByCras","HonkaHonkaLIVE"
"ByCras","zimisss"
"ByCras","KW_erion"
"mmonline_plays","SwiftMasterLP"
"mmonline_plays","inudari"
"mmonline_plays","spiritsoldier39"
"mmonline_plays","dezta_87"
"mmonline_plays","game_on_guy"
"mmonline_plays","MachinesATO"
"mmonline_plays","GnomePowah"
"mmonline_plays","StDxGangsta"
"mmonline_plays","BigGMint2y"
"mmonline_plays","itsSKITZ"
"mmonline_plays","DUHOOO"
"mmonline_plays","LeGensBon1"
"mmonline_plays","GankSinatraTV"
"mmonline_plays","WoWarcraft_art"
"mmonline_plays","generictheeric"
"mmonline_plays","Alejopais"
"mmonline_plays","Thalialeu"
"mmonline_plays","Deivid93David"
"mmonline_plays","CaballerosdeNI"
"mmonline_plays","ContentRTs"
"mmonline_plays","rakete1967"
"mmonline_plays","ByCras"
"mmonline_plays","RonGunn8"
"mmonline_plays","HonkaHonkaLIVE"
"mmonline_plays","zimisss"
"mmonline_plays","KW_erion"
"RonGunn8","SwiftMasterLP"
"RonGunn8","inudari"
"RonGunn8","spiritsoldier39"
"RonGunn8","dezta_87"
"RonGunn8","game_on_guy"
"RonGunn8","MachinesATO"
"RonGunn8","GnomePowah"
"RonGunn8","StDxGangsta"
"RonGunn8","BigGMint2y"
"RonGunn8","itsSKITZ"
"RonGunn8","DUHOOO"
"RonGunn8","LeGensBon1"
"RonGunn8","GankSinatraTV"
"RonGunn8","WoWarcraft_art"
"RonGunn8","generictheeric"
"RonGunn8","Alejopais"
"RonGunn8","Thalialeu"
"RonGunn8","Deivid93David"
"RonGunn8","CaballerosdeNI"
"RonGunn8","ContentRTs"
"RonGunn8","rakete1967"
"RonGunn8","ByCras"
"RonGunn8","mmonline_plays"
"RonGunn8","HonkaHonkaLIVE"
"RonGunn8","zimisss"
"RonGunn8","KW_erion"
"HonkaHonkaLIVE","SwiftMasterLP"
"HonkaHonkaLIVE","inudari"
"HonkaHonkaLIVE","spiritsoldier39"
"HonkaHonkaLIVE","dezta_87"
"HonkaHonkaLIVE","game_on_guy"
"HonkaHonkaLIVE","MachinesATO"
"HonkaHonkaLIVE","GnomePowah"
"HonkaHonkaLIVE","StDxGangsta"
"HonkaHonkaLIVE","BigGMint2y"
"HonkaHonkaLIVE","itsSKITZ"
"HonkaHonkaLIVE","DUHOOO"
"HonkaHonkaLIVE","LeGensBon1"
"HonkaHonkaLIVE","GankSinatraTV"
"HonkaHonkaLIVE","WoWarcraft_art"
"HonkaHonkaLIVE","generictheeric"
"HonkaHonkaLIVE","Alejopais"
"HonkaHonkaLIVE","Thalialeu"
"HonkaHonkaLIVE","Deivid93David"
"HonkaHonkaLIVE","CaballerosdeNI"
"HonkaHonkaLIVE","ContentRTs"
"HonkaHonkaLIVE","rakete1967"
"HonkaHonkaLIVE","ByCras"
"HonkaHonkaLIVE","mmonline_plays"
"HonkaHonkaLIVE","RonGunn8"
"HonkaHonkaLIVE","zimisss"
"HonkaHonkaLIVE","KW_erion"
"zimisss","SwiftMasterLP"
"zimisss","inudari"
"zimisss","spiritsoldier39"
"zimisss","dezta_87"
"zimisss","game_on_guy"
"zimisss","MachinesATO"
"zimisss","GnomePowah"
"zimisss","StDxGangsta"
"zimisss","BigGMint2y"
"zimisss","itsSKITZ"
"zimisss","DUHOOO"
"zimisss","LeGensBon1"
"zimisss","GankSinatraTV"
"zimisss","WoWarcraft_art"
"zimisss","generictheeric"
"zimisss","Alejopais"
"zimisss","Thalialeu"
"zimisss","Deivid93David"
"zimisss","CaballerosdeNI"
"zimisss","ContentRTs"
"zimisss","rakete1967"
"zimisss","ByCras"
"zimisss","mmonline_plays"
"zimisss","RonGunn8"
"zimisss","HonkaHonkaLIVE"
"zimisss","KW_erion"
"JNOVDigital","WashedOutGG"
"KW_erion","SwiftMasterLP"
"KW_erion","inudari"
"KW_erion","spiritsoldier39"
"KW_erion","dezta_87"
"KW_erion","game_on_guy"
"KW_erion","MachinesATO"
"KW_erion","GnomePowah"
"KW_erion","StDxGangsta"
"KW_erion","BigGMint2y"
"KW_erion","itsSKITZ"
"KW_erion","DUHOOO"
"KW_erion","LeGensBon1"
"KW_erion","GankSinatraTV"
"KW_erion","WoWarcraft_art"
"KW_erion","generictheeric"
"KW_erion","Alejopais"
"KW_erion","Thalialeu"
"KW_erion","Deivid93David"
"KW_erion","CaballerosdeNI"
"KW_erion","ContentRTs"
"KW_erion","rakete1967"
"KW_erion","ByCras"
"KW_erion","mmonline_plays"
"KW_erion","RonGunn8"
"KW_erion","HonkaHonkaLIVE"
"KW_erion","zimisss"
